ad_season,avg_profit,median_profit
fall,44130.53530077454,38475.00000000006
spring,46985.94343617541,41538.75000000006
summer,45211.130892226975,40375.00000000006
winter,44085.707596287975,38000.00000000006
