metric,profit
total,473094328.48000014
mean,45337.26195304266
median,39995.00000000006
std,22772.819501415892
min,8217.500000000015
25%,30210.0
50%,39995.00000000006
75%,54144.00000000006
max,350036.7999999998
